origin,phasevoctor0.8,ola0.8,wsola0.8,phasevoctor0.81,ola0.81,wsola0.81,phasevoctor0.82,ola0.82,wsola0.82,phasevoctor0.83,ola0.83,wsola0.83,phasevoctor0.84,ola0.84,wsola0.84,phasevoctor0.85,ola0.85,wsola0.85,phasevoctor0.86,ola0.86,wsola0.86,phasevoctor0.87,ola0.87,wsola0.87,phasevoctor0.88,ola0.88,wsola0.88,phasevoctor0.89,ola0.89,wsola0.89,phasevoctor0.9,ola0.9,wsola0.9,phasevoctor0.91,ola0.91,wsola0.91,phasevoctor0.92,ola0.92,wsola0.92,phasevoctor0.93,ola0.93,wsola0.93,phasevoctor0.94,ola0.94,wsola0.94,phasevoctor0.95,ola0.95,wsola0.95,phasevoctor0.96,ola0.96,wsola0.96,phasevoctor0.97,ola0.97,wsola0.97,phasevoctor0.98,ola0.98,wsola0.98,phasevoctor0.99,ola0.99,wsola0.99,phasevoctor1.0,ola1.0,wsola1.0,phasevoctor1.01,ola1.01,wsola1.01,phasevoctor1.02,ola1.02,wsola1.02,phasevoctor1.03,ola1.03,wsola1.03,phasevoctor1.04,ola1.04,wsola1.04,phasevoctor1.05,ola1.05,wsola1.05,phasevoctor1.06,ola1.06,wsola1.06,phasevoctor1.07,ola1.07,wsola1.07,phasevoctor1.08,ola1.08,wsola1.08,phasevoctor1.09,ola1.09,wsola1.09,phasevoctor1.1,ola1.1,wsola1.1,phasevoctor1.11,ola1.11,wsola1.11,phasevoctor1.12,ola1.12,wsola1.12,phasevoctor1.13,ola1.13,wsola1.13
take a picture,take a picture,take a picture,take a picture,take a picture,take a picture,take a picture,take picture,take a picture,take a picture,take a picture,take a picture,take a picture,take a picture,take a picture,take a picture,take a picture,take a picture,take a picture,take a picture,take a picture,take a picture,take a picture,take a picture,take a picture,take a picture,take a picture,take a picture,take a picture,take a picture,take a picture,take a picture,take a picture,take a picture,take a picture,take a picture,take a picture,take a picture,take a picture,take a picture,take a picture,take a picture,take a picture,take a picture,take a picture,take a picture,take a picture,take a picture,take a picture,take a picture,take a picture,take a picture,take a picture,take a picture,take a picture,take a picture,take a picture,take a picture,take a picture,take a picture,take a picture,take a picture,take a picture,take a picture,take a picture,take a picture,take a picture,take a picture,take a picture,take a picture,take a picture,take a picture,take a picture,take a picture,take a picture,take a picture,take a picture,take a picture,take a picture,take a picture,take a picture,take a picture,take a picture,take a picture,take a picture,take a picture,take a picture,take a picture,take a picture,take a picture,take a picture,take a picture,take a picture,take a picture,take a picture,take a picture,take a picture,take a picture,take a picture,take a picture,take a picture,take a picture,take a picture
navigate to my home,"""now hes my home""",navigate them my home,navigate to my home,navigates my home,navigate to my home,navigate to my home,now i hate my home,navigate to my home,navigate to my home,"""now that hes my home""",navigate them my home,navigate to my home,"""now hes my home""",navigate to my home,navigate to my home,"""never hes my home""",navigate to my home,navigate to my home,"""never hes my home""",navigate to my home,navigate to my home,now that is my home,navigate to my home,navigate to my home,nowadays my home,navigate to my home,navigate to my home,navigate my home,navigate to my home,navigate to my home,navigate my home,navigate to my home,navigate to my home,navigate to my home,navigate to my home,navigate to my home,navigate home,navigate to my home,navigate to my home,navigate to my home,navigate to my home,navigate to my home,navigate to my home,navigate to my home,navigate to my home,navigate to my home,navigate to my home,navigate to my home,navigate to my home,navigate to my home,navigate to my home,navigate to my home,navigate to my home,navigate to my home,navigate to my home,navigate to my home,navigate to my home,navigate to my home,navigate to my home,navigate to my home,navigate to my home,navigate to my home,navigate to my home,navigate to my home,navigate to my home,navigate to my home,navigate to my home,navigate to my home,navigate to my home,navigate to my home,navigate to my home,navigate to my home,navigate to my home,navigate to my home,navigate to my home,navigate to my home,navigate to my home,navigate to my home,navigate to my home,navigate to my home,navigate to my home,navigate home,navigate to my home,navigate to my home,navigate home,navigate to my home,navigate to my home,navigate my home,navigate to my home,navigate to my home,"""never hes my home""",navigate to my home,navigate to my home,"""never hes my home""",navigate to my home,navigate to my home,"""now hes my home""",navigate to my home,navigate to my home,nothing is my home,navigate to my home,navigate to my home
turn off the light,turn off the light,turn off the light,turn off the light,turn off the light,turn off the light,turn off the light,turn off the light,turn off the light,turn off the light,turn off the light,turn off the light,turn off the light,turn off the light,turn off the light,turn off the light,turn off the light,turn off the light,turn off the light,turn off the light,turn off the light,turn off the light,turn off the light,turn off the light,turn off the light,turn off the light,turn off the light,turn off the light,turn off the light,turn off the light,turn off the light,turn off the light,turn off the light,turn off the light,turn off the light,turn off the light,turn off the light,turn off the light,turn off the light,turn off the light,turn off the light,turn off the light,turn off the light,turn off the light,turn off the light,turn off the light,turn off the light,turn off the light,turn off the light,turn off the light,turn off the light,turn off the light,turn off the light,turn off the light,turn off the light,turn off the light,turn off the light,turn off the light,turn off the light,turn off the light,turn off the light,turn off the light,turn off the light,turn off the light,turn off the light,turn off the light,turn off the light,turn off the light,turn off the light,turn off the light,turn off the light,turn off the light,turn off the light,turn off the light,turn off the light,turn off the light,turn off the light,turn off the light,turn off the light,turn off the light,turn off the light,turn off the light,turn off the light,turn off the light,turn off the light,turn off the light,turn off the light,turn off the light,turn off the light,turn off the light,turn off the light,turn off the light,turn off the light,turn off the light,turn off the light,turn off the light,turn off the light,turn off the light,turn off the light,turn off the light,turn out the light,turn off the light,turn off the light
turn on wireless hotspot,turn on wireless hotspot,turn on wireless hotspot,turn on wireless hotspot,turn on wireless hotspot,turn on wireless hotspot,turn on wireless site at spot,turn on wireless hotspot,turn on wireless hotspot,turn on wireless hotspot,turn on wireless hotspot,turn on wireless hotspot,turn on wireless hotspot,turn on wireless hotspot,turn on wireless hotspot,turn on wireless solid spot,colonel wireless hotspot,turn on wireless hotspot,turn on wireless hotspot,colonel wireless hotspot,turn on wireless hotspot,turn on wireless solid spot,colonel wireless hotspot,turn on wireless hotspot,turn on wireless hotspot,colonel a wireless hotspot,turn on wireless hotspot,turn on wireless hotspot,turn a wireless hotspot,turn on wireless hotspot,turn on wireless hotspot,turn a wireless hotspot,turn on wireless hotspot,turn on wireless hotspot,turn a wireless hotspot,turn on wireless hotspot,turn on wireless hotspot,turn on wireless hotspot,turn on wireless hotspot,turn on wireless hotspot,turn on wireless hotspot,turn on wireless hotspot,turn on wireless hotspot,turn on wireless hotspot,turn on wireless hotspot,turn on wireless hotspot,turn on wireless hotspot,turn on wireless hotspot,turn on wireless hotspot,turn on wireless hotspot,turn on wireless hotspot,turn on wireless hotspot,turn on wireless hotspot,turn on wireless hotspot,turn on wireless hotspot,turn on wireless hotspot,turn on wireless hotspot,turn on wireless hotspot,turn on wireless hotspot,turn on wireless hotspot,turn on wireless hotspot,turn on wireless hotspot,turn on wireless hotspot,turn on wireless hotspot,turn on wireless hotspot,turn on wireless hotspot,turn on wireless hotspot,turn on wireless hotspot,turn on wireless hotspot,turn on wireless hotspot,turn on wireless hotspot,turn on wireless hotspot,turn on wireless hotspot,turn on wireless hotspot,turn on wireless hotspot,turn on wireless hotspot,turn on wireless,turn on wireless hotspot,turn on wireless hotspot,turn on wireless,turn on wireless hotspot,turn on wireless hotspot,turn on y,turn on wireless hotspot,turn on wireless hotspot,turn on my hotspot,turn on wireless hotspot,turn on wireless hotspot,turn on my hotspot,turn on wireless hotspot,turn on wireless hotspot,turn on my hotspot,turn on wireless hotspot,turn on wireless hotspot,turn a wireless hotspot,turn on wireless hotspot,turn on wireless hotspot,turn a wireless hotspot,turn on wireless hotspot,turn on wireless hotspot,turn wireless hotspot,turn on wireless hotspot,turn on wireless hotspot
restart phone now,research on now,restart phone now,restart phone now,research on,restart phone now,restart phone now,research on now,restart phone now,restart phone now,research phone now,restart phone now,restart phone now,research phone now,restart phone now,restart phone now,restart phone now,restart phone now,restart phone now,restart phone now,restart phone now,restart phone now,restart phone now,restart phone now,restart phone now,restart phone now,restart phone now,restart phone now,restart now,restart phone now,restart phone now,restart on now,restart phone now,restart phone now,restart phone now,restart phone now,restart phone now,restart phone,restart phone now,restart phone now,restart phone now,restart phone now,restart phone now,restart phone now,restart phone now,restart phone now,restart phone now,restart phone now,restart phone now,restart phone now,restart phone now,restart phone now,restart phone now,restart phone now,restart phone now,restart phone now,restart phone now,restart phone now,restart phone now,restart phone now,restart phone now,restart phone now,restart phone now,restart phone now,restart phone now,restart phone now,restart phone now,restart phone now,restart phone now,restart phone now,restart phone now,restart phone now,restart phone now,restart phone now,restart phone now,restart phone now,restart phone now,restart phone now,restart phone now,restart phone now,restart phone,restart phone now,restart phone now,restart phone now,restart phone now,restart will now,restart phone now,restart phone now,restarting now,restart phone now,restart phone now,restarting now,restart phone now,restart phone now,researching now,restart phone,restart phone now,research on now,restart phone now,restart phone now,research all now,restart phone now,restart phone now
read mail,male,read mail,read mail,male,read mail,read mail,male,read mail,read mail,read mail,read mail,read mail,read mail,read mail,read mail,read mail,read mail,read mail,read mail,read mail,read mail,read mail,read mail,read mail,read mail,read mail,read mail,read mail,read mail,read mail,read mail,read mail,read mail,read mail,read mail,read mail,read now,read mail,read mail,read mail,read mail,read mail,read mail,read mail,read mail,read mail,read mail,read mail,read mail,read mail,read mail,read mail,read mail,read mail,read mail,read mail,read mail,read mail,read mail,read mail,read mail,read mail,read mail,read mail,read mail,read mail,read mail,read mail,read mail,read mail,read mail,read mail,read mail,read mail,read mail,read mail,read mail,read mail,read mail,read mail,read mail,read mail,read mail,read mail,read mail,read mail,read mail,read mail,read mail,read mail,read mail,read mail,read mail,read mail,read mail,read mail,read mail,read mail,read mail,read mail,read,read mail
open the website,open the website,open the website,open the website,open the website,open the website,open the website,open the website,open the website,open the website,open the website,open the website,open the website,open the website,open the website,open the website,open the website,open the website,open the website,open the website,open the website,open the website,open the website,open the website,open the website,open the website,open the website,open the website,open the website,open the website,open the website,open the website,open the website,open the website,open the website,open the website,open the website,open the website,open the website,open the website,open the website,open the website,open the website,open the website,open the website,open the website,open the website,open the website,open the website,open the website,open the website,open the website,open the website,open the website,open the website,open the website,open the website,open the website,open the website,open the website,open the website,open the website,open the website,open the website,open the website,open the website,open the website,open the website,open the website,open the website,open the website,open the website,open the website,open the website,open the website,open the website,open the website,open the website,open the website,open the website,open the website,open the website,open the website,open the website,open the website,open the website,open the website,open the website,open the website,open the website,open the website,open the website,open the website,open the website,open the website,open the website,open the website,open the website,open the website,open the website,open website,open the website,open the website
make it warmer,make it warmer,make it warmer,make it warmer,make it warmer,make it warmer,make it warmer,make it warmer,make it warmer,make it warmer,make it warmer,make it warmer,made it warmer,make it warmer,make it warmer,make it warmer,make it warmer,make it warmer,make it warmer,mega warmer,make it warmer,make it warmer,mega murmur,make it warmer,make it warmer,make it warmer,make it warmer,make it warmer,make it warmer,make it warmer,make it warmer,make it warmer,make it warmer,make it warmer,make it warmer,make it warmer,make it warmer,make it warmer,make it warmer,miguel it warmer,make it warm,make it warmer,made it warmer,make it warmer,make it warmer,make it warmer,make it warmer,make it warmer,make it warmer,make it warmer,make it warmer,make it warmer,make it warmer,make it warmer,make it warmer,make it warmer,make it warmer,make it warmer,make it warmer,make it warmer,make it warmer,make it warmer,make it warmer,make it warmer,make it warmer,make it warmer,make it warmer,make it warmer,make it warmer,make it warmer,make it warmer,make it warmer,make it warmer,make it warmer,make it warmer,may get warmer,make it warmer,make it warmer,make it warmer,make it warmer,make it warmer,make it warmer,make it warmer,make it warmer,make it warmer,make it warm,make it warmer,may get warmer,make it work,make it warmer,make it warmer,make it work,make it warmer,make it warmer,make it work,make it warmer,make it warmer,make it warmer,make it warmer,make it warmer,make it warmer,make it warmer,make it warmer
turn off the computer,"""turn off the im here""",turn off the computer,turn off the computer,turn off the computer,turn off the computer,turn off the computer,turn off the computer,turn off the computer,turn off the computer,turn off the computer,turn off the computer,turn off the computer,turn off the computer,turn off the computer,turn off the computer,turn off the computer,turn off the computer,turn off the computer,turn off the computer,turn off the computer,turn off the computer,turn off the computer,turn off the computer,turn off the computer,turn off computer,turn off the computer,turn off the computer,turn off computer,turn off the computer,turn off the computer,turn off computer,turn off the computer,turn off the computer,turn off her,turn off the computer,turn off the computer,turn off the shooter,turn off the computer,turn off the computer,turn off the computer,turn off the computer,turn off the computer,turn off the computer,turn off the computer,turn off the computer,turn off the computer,turn off the computer,turn off the computer,turn off the computer,turn off the computer,turn off the computer,turn off the computer,turn off the computer,turn off the computer,turn off the computer,turn off the computer,turn off the computer,turn off the computer,turn off the computer,turn off the computer,turn off the computer,turn off the computer,turn off the computer,turn off the computer,turn off the computer,turn off the computer,turn off the computer,turn off the computer,turn off the computer,turn off the computer,turn off the computer,turn off the computer,turn off the computer,turn off the computer,turn off the computer,turn off the computer,turn off the computer,turn off the computer,turn off the computer,turn off the computer,turn off the computer,turn off the computer,turn off the computer,turn off the computer,turn off the cookie,turn off the computer,turn off the computer,turn off,turn off the computer,turn off the computer,turn off your,turn off the computer,turn off the computer,turn off your,turn off the computer,turn off the computer,turn off computer,turn off the computer,turn off the computer,turn off computer,turn off the computer,turn off the computer
call my wife,call my wife,call my wife,call my wife,call my wife,call my wife,call my wife,call my wife,call my wife,call my wife,call my wife,call my wife,call my wife,call my wife,call my wife,call my wife,call her wife,call my wife,call my wife,call her wife,call my wife,call my wife,como y,call my wife,call my wife,como i,call my wife,call my wife,como i,call my wife,call my wife,call my wife,call my wife,call my wife,call my life,call my wife,call my wife,call my wife,call my wife,call my wife,call my wife,call my wife,call my wife,call my wife,call my wife,call my wife,call my wife,call my wife,call my wife,call my wife,call my wife,call my wife,call my wife,call my wife,call my wife,call my wife,call my wife,call my wife,call my wife,call my wife,call my wife,call my wife,call my wife,call my wife,call my wife,call my wife,call my wife,call my wife,call my wife,call my wife,call my wife,call my wife,call my wife,call my wife,call my wife,call my wife,call my wife,call my wife,call my wife,call my wife,call my wife,follow my wife,call my wife,call my wife,follow my wife,call my wife,call my wife,follow my wife,call my wife,call my wife,follow my wife,call me,call my wife,follow my wife,call mo,call my wife,follow my wife,call me,call my wife,follow my wife,call my wife,call my wife,call my wife
