origin,phasevoctor0.25,ola0.25,wsola0.25,phasevoctor0.5,ola0.5,wsola0.5
okay google take a picture,error,oh hey google take a picture,okay google take a picture,okay google take the picture,okay google take a picture,okay google take a good pic extra
okay google navigate to my home,error,oh ok google to my home,okay google home,okay google navigate is my home,okay google navigate to my home,okay google navigate to my home
okay google turn off the light,hello,oh hey google turn off the light,okay google turn off the light,okay google turn off the light,okay google turn off the light,ok google turn off feel like
okay google turn on wireless hotspot,wah,oh hey google turn on wireless hot,ok google turn on wireless hotspot,okay google turn on the wireless top spot,okay google turn on wireless hotspot,ok google turn on wireless hotspot
okay google restart phone now,oh wow,oh hey google phone now,ok google phone now,ok google phone now,okay google restart phone now,okay google registered phone now
okay google read mail,error,oh hey google,okay google,okay google read mail,okay google read mail,okay google read mail
take wort ana open the website,hey,hey china open,hey time to open the web site,hey wanna open the web of saturday,hey poor tana open the website,hey burger ta na open the website
take wort on a make it warmer,hey maid,hey port on a mega warmer,hey time,"""hey were gonna make it warmer""",hey poor may get warmer,"""hey were gonna make it warmer"""
echo turn off the computer,error,"""youre not the shooter""",journal pewter,turn off,echo turn off the computer,echo journal the computer
i go call my wife,and i never do paul,home i was,i go homo,call my wife,i go call my wife,i go call my wife
