origin,phasevoctor0.25,ola0.25,wsola0.25,phasevoctor0.5,ola0.5,wsola0.5,phasevoctor0.75,ola0.75,wsola0.75,phasevoctor1.0,ola1.0,wsola1.0,phasevoctor1.25,ola1.25,wsola1.25,phasevoctor1.5,ola1.5,wsola1.5,phasevoctor1.75,ola1.75,wsola1.75
okay google take a picture,error,oh hey google take a picture,okay google take a picture,okay google take the picture,okay google take a picture,okay google take a good pic extra,"""okay google they didnt make sure""",okay google take a picture,okay google take a picture,okay google take a picture,okay google take a picture,okay google take a picture,okay google,okay google take a picture,okay google take a picture,okay google,okay google take a picture,okay google take a picture,error,okay google take a picture,okay google take a picture
okay google navigate to my home,error,oh ok google to my home,okay google home,okay google navigate is my home,okay google navigate to my home,okay google navigate to my home,okay google navigate is my home,okay google navigate to my home,okay google navigate to my home,okay google navigate to my home,okay google navigate to my home,okay google navigate to my home,ok google is my home,okay google navigate to my home,okay google navigate to my home,google is my home,okay google navigate to my home,okay google navigating my home,google home,okay google navigate to my home,google now dating my home
okay google turn off the light,hello,oh hey google turn off the light,okay google turn off the light,okay google turn off the light,okay google turn off the light,ok google turn off feel like,okay google journal the life,okay google turn off the light,ok google turn off the light,okay google turn off the light,okay google turn off the light,okay google turn off the light,okay google,okay google turn off the light,okay google turn off the light,okay google,ok google turn off the light,ok google turn off the light,error,ok google turn off the light,ok google turn off the light
okay google turn on wireless hotspot,wah,oh hey google turn on wireless hot,ok google turn on wireless hotspot,okay google turn on the wireless top spot,okay google turn on wireless hotspot,ok google turn on wireless hotspot,ok google turn on wireless hotspot,okay google turn on wireless hotspot,ok google turn on wireless hotspot,okay google turn on wireless hotspot,okay google turn on wireless hotspot,okay google turn on wireless hotspot,okay google wireless,ok google turn on wireless hotspot,okay google are non wireless hotspot,google wireless hot,ok google turn on wireless hotspot,ok google turn on wireless hotspot,error,ok google turn on wireless hotspot,ok google turn on wireless hotspot
okay google restart phone now,oh wow,oh hey google phone now,ok google phone now,ok google phone now,okay google restart phone now,okay google registered phone now,okay google reserved for now,okay google restart phone now,okay google restart phone now,okay google restart phone now,okay google restart phone now,okay google restart phone now,okay google,okay google restart phone now,okay google restart phone now,google now,okay google restart phone now,okay google restart phone now,google now,okay google restart phone now,google research will now
okay google read mail,error,oh hey google,okay google,okay google read mail,okay google read mail,okay google read mail,okay google read mail,okay google read mail,okay google read mail,okay google read mail,okay google read mail,okay google read mail,okay google,okay google read mail,okay google read mail,google real,okay google read mail,okay google read mail,people leave,okay google read mail,okay google email
take wort ana open the website,hey,hey china open,hey time to open the web site,hey wanna open the web of saturday,hey poor tana open the website,hey burger ta na open the website,hey open the website,hey a port on a open the website,babe order to open the website,hey port on a open the website,fake wanna open the website,open the website,over the website,fake were to open the website,a court on a open the website,s i,open the website,open the website,error,to open the website,open the website
take wort on a make it warmer,hey maid,hey port on a mega warmer,hey time,"""hey were gonna make it warmer""",hey poor may get warmer,"""hey were gonna make it warmer""",hey make it warmer,hey a port on a make it warmer,baby border ta na may get warmer,hey wanna make it warmer,fake wanna make it warmer,make it warmer,it warmer,fake were to make it warmer,a court on a made it warmer,error,make it warmer,"""were gonna make it warmer""",error,make it warmer,"""were gonna make it warmer"""
echo turn off the computer,error,"""youre not the shooter""",journal pewter,turn off,echo turn off the computer,echo journal the computer,journals computer,echo turn off the computer,turn off the computer,echo turn off the computer,echo turn off the computer,xo thrown off the computer,error,echo turn off the computer,jago turn off the computer,arrow,turn off the computer,turn off the computer,error,turn off the computer,turn off the computer
i go call my wife,and i never do paul,home i was,i go homo,call my wife,i go call my wife,i go call my wife,call my wife,i go call my wife,i go call my wife,i go call my wife,i go call my wife,i go call my wife,i go call my wife,i go call my wife,i go call my wife,hollow eyes,call my wife,i go call my wife,i hope all my,call my wife,call me
